down|down,down|left,down|nothing,down|right,down|up,left|down,left|left,left|nothing,left|right,left|up,model,nothing|down,nothing|left,nothing|nothing,nothing|right,nothing|up,right|down,right|left,right|nothing,right|right,right|up,up|down,up|left,up|nothing,up|right,up|up
3,51,0,39,1,40,293,0,23,50,ZigZag_agent_DiscreteDBN_m0,0,0,0,0,0,52,15,0,300,40,0,47,0,45,0
0,51,0,39,0,39,306,0,25,39,ZigZag_expert_DiscreteDBN_m0,0,0,0,0,0,52,0,0,306,51,0,52,0,39,0
6,18,15,99,57,90,102,16,0,52,FixedSequence_agent_DiscreteDBN_m0,0,14,18,0,51,0,17,18,82,64,99,110,15,0,56
100,0,0,200,0,200,0,0,0,0,FixedSequence_expert_DiscreteDBN_m0,0,0,0,0,0,0,0,0,0,200,0,199,0,0,100
50,60,1,60,92,46,46,1,96,49,SmartRandom_agent_DiscreteDBN_m0,2,2,0,2,1,70,70,3,49,53,95,60,2,38,51
55,65,0,53,83,44,50,0,87,65,SmartRandom_expert_DiscreteDBN_m0,0,0,0,0,0,64,79,0,53,51,94,51,0,54,51
216,0,0,36,0,36,212,0,0,1,WallFollower_agent_DiscreteDBN_m0,0,0,0,0,0,0,1,0,216,35,0,35,1,0,210
216,0,0,36,0,36,215,0,0,0,WallFollower_expert_DiscreteDBN_m0,0,0,0,0,0,0,0,0,216,35,0,35,0,0,210
26,38,48,31,35,38,32,43,36,42,Random_agent_DiscreteDBN_m0,42,39,43,44,56,30,38,39,33,47,42,44,51,43,39
34,46,43,47,42,41,34,37,34,49,Random_expert_DiscreteDBN_m0,48,46,42,29,36,34,36,41,33,39,55,33,37,40,43
228,9,0,11,20,8,198,0,15,11,SmartStraightLine_agent_DiscreteDBN_m0,0,0,0,0,0,15,13,0,200,10,17,13,0,11,220
228,9,0,11,17,7,198,0,17,9,SmartStraightLine_expert_DiscreteDBN_m0,0,0,0,0,0,8,15,0,202,12,23,9,0,6,228
42,16,1,16,16,15,9,2,8,17,SmartRandomExplorer_agent_DiscreteDBN_m0,3,0,708,2,1,16,17,0,14,11,16,9,2,18,40
87,47,0,45,78,59,54,0,85,45,SmartRandomExplorer_expert_DiscreteDBN_m0,0,0,0,0,0,50,84,0,62,52,61,58,0,56,76
0,41,0,24,0,24,371,0,5,38,ZigZag_agent_DiscreteDBN_m1,0,1,0,0,1,41,0,0,374,20,0,25,2,32,0
0,27,0,31,0,31,380,0,0,32,ZigZag_expert_DiscreteDBN_m1,0,0,0,0,0,27,9,0,376,27,0,27,0,32,0
79,34,20,63,44,60,104,22,34,45,FixedSequence_agent_DiscreteDBN_m1,4,23,23,7,33,23,21,16,78,47,73,84,9,3,50
100,0,0,200,0,200,0,0,0,0,FixedSequence_expert_DiscreteDBN_m1,0,0,0,0,0,0,0,0,0,200,0,199,0,0,100
71,63,0,62,65,57,47,0,64,69,SmartRandom_agent_DiscreteDBN_m1,0,0,0,0,0,56,71,0,55,55,77,56,0,56,75
61,60,0,54,76,61,63,0,80,48,SmartRandom_expert_DiscreteDBN_m1,0,0,0,0,0,58,76,0,59,55,71,52,0,55,70
269,0,0,23,0,23,184,0,0,0,WallFollower_agent_DiscreteDBN_m1,0,0,0,0,0,0,0,0,178,23,0,23,0,0,276
269,0,0,23,0,23,184,0,0,0,WallFollower_expert_DiscreteDBN_m1,0,0,0,0,0,0,0,0,178,23,0,23,0,0,276
45,27,34,45,45,38,34,43,44,29,Random_agent_DiscreteDBN_m1,38,48,59,30,41,34,45,41,44,38,41,35,39,38,44
32,37,34,48,39,40,36,44,35,41,Random_expert_DiscreteDBN_m1,40,40,37,39,44,40,43,43,33,42,38,40,43,45,46
237,9,0,6,8,7,212,0,16,5,SmartStraightLine_agent_DiscreteDBN_m1,0,0,0,0,0,8,11,0,206,7,8,8,0,5,246
251,7,0,7,8,6,202,0,13,7,SmartStraightLine_expert_DiscreteDBN_m1,0,0,0,0,0,6,13,0,195,6,10,6,0,6,256
20,6,0,2,6,6,15,0,8,2,SmartRandomExplorer_agent_DiscreteDBN_m1,0,1,868,0,1,8,4,0,9,7,1,5,1,9,20
102,56,0,61,63,44,45,0,60,68,SmartRandomExplorer_expert_DiscreteDBN_m1,0,0,0,0,0,52,58,0,46,55,84,59,0,44,102
86,27,0,16,0,16,320,0,16,21,ZigZag_agent_DiscreteDBN_m2,0,0,0,0,0,26,6,0,318,21,0,21,0,21,84
60,29,0,15,0,15,341,0,28,14,ZigZag_expert_DiscreteDBN_m2,0,0,0,0,0,29,0,0,342,28,0,28,0,14,56
104,0,0,109,0,109,151,0,0,0,FixedSequence_agent_DiscreteDBN_m2,0,0,0,0,0,0,0,0,149,108,0,108,0,0,161
100,0,0,200,0,200,0,0,0,0,FixedSequence_expert_DiscreteDBN_m2,0,0,0,0,0,0,0,0,0,200,0,199,0,0,100
72,50,0,48,100,65,47,0,76,44,SmartRandom_agent_DiscreteDBN_m2,0,0,0,0,0,51,77,0,53,51,83,58,0,55,69
72,49,0,43,114,44,48,0,73,56,SmartRandom_expert_DiscreteDBN_m2,0,0,0,0,0,58,75,0,56,33,104,49,0,51,74
6,0,0,1,490,1,6,0,0,0,WallFollower_agent_DiscreteDBN_m2,0,0,0,0,0,0,0,0,3,0,490,1,0,0,1
6,0,0,1,490,1,6,0,0,0,WallFollower_expert_DiscreteDBN_m2,0,0,0,0,0,0,0,0,3,0,490,1,0,0,1
36,36,48,39,43,44,34,45,33,30,Random_agent_DiscreteDBN_m2,39,43,34,49,36,47,34,29,37,45,36,38,45,35,64
43,35,43,51,44,47,38,35,28,42,Random_expert_DiscreteDBN_m2,42,49,38,38,35,39,34,43,39,40,46,34,43,38,35
203,12,0,7,16,9,221,1,21,8,SmartStraightLine_agent_DiscreteDBN_m2,0,0,0,0,1,10,16,0,224,11,16,10,0,10,203
244,6,0,8,28,12,181,0,11,8,SmartStraightLine_expert_DiscreteDBN_m2,0,0,0,0,0,9,17,0,183,5,22,7,0,12,246
0,0,0,0,0,0,0,0,0,0,SmartRandomExplorer_agent_DiscreteDBN_m2,0,0,999,0,0,0,0,0,0,0,0,0,0,0,0
107,51,0,47,87,50,49,0,62,45,SmartRandomExplorer_expert_DiscreteDBN_m2,0,0,0,0,0,44,58,0,47,59,92,47,0,52,102
58,34,12,30,12,42,211,6,51,17,ZigZag_agent_DiscreteDBN_m3,7,11,8,10,12,27,26,10,221,47,12,46,12,18,59
4,1,0,51,0,51,348,0,0,49,ZigZag_expert_DiscreteDBN_m3,0,0,0,0,0,1,98,0,347,0,0,0,0,49,0
78,14,19,61,16,69,98,16,22,17,FixedSequence_agent_DiscreteDBN_m3,10,8,18,31,22,12,26,21,115,80,19,75,15,25,112
100,0,0,200,0,200,0,0,0,0,FixedSequence_expert_DiscreteDBN_m3,0,0,0,0,0,0,0,0,0,200,0,199,0,0,100
74,45,11,38,115,53,46,5,67,39,SmartRandom_agent_DiscreteDBN_m3,8,11,5,8,5,41,72,6,48,42,107,36,10,48,59
66,44,0,39,112,47,48,0,102,45,SmartRandom_expert_DiscreteDBN_m3,0,0,0,0,0,55,99,0,50,35,93,51,0,48,65
0,0,3,1,0,1,2,0,479,2,WallFollower_agent_DiscreteDBN_m3,2,0,0,2,4,0,482,3,10,0,1,0,2,3,2
6,0,0,1,0,1,2,0,493,0,WallFollower_expert_DiscreteDBN_m3,0,0,0,0,0,0,493,0,3,0,0,0,0,0,0
34,35,40,38,53,32,32,38,48,34,Random_agent_DiscreteDBN_m3,42,37,26,38,41,43,44,36,49,44,48,37,44,43,43
36,35,41,37,35,31,38,35,50,40,Random_expert_DiscreteDBN_m3,36,36,25,51,39,45,42,42,50,49,37,43,44,39,43
217,14,2,16,27,11,148,6,25,13,SmartStraightLine_agent_DiscreteDBN_m3,5,6,7,6,5,15,20,9,147,15,29,15,5,11,225
242,8,0,7,25,8,186,0,14,9,SmartStraightLine_expert_DiscreteDBN_m3,0,0,0,0,0,14,12,0,189,6,19,11,0,11,238
25,24,1,16,20,19,19,1,21,29,SmartRandomExplorer_agent_DiscreteDBN_m3,2,0,646,3,1,26,29,1,19,14,15,17,2,30,19
106,41,0,42,113,35,44,0,70,51,SmartRandomExplorer_expert_DiscreteDBN_m3,0,0,0,0,0,44,74,0,44,39,118,40,0,45,93
57,22,0,29,0,29,336,0,8,19,ZigZag_agent_DiscreteDBN_m4,0,0,0,0,0,21,3,0,336,32,1,31,0,19,56
57,15,0,29,0,29,344,0,0,28,ZigZag_expert_DiscreteDBN_m4,0,0,0,0,0,14,29,0,342,14,0,14,0,28,56
95,20,12,84,19,88,107,10,15,14,FixedSequence_agent_DiscreteDBN_m4,7,15,12,13,14,17,20,14,120,73,23,72,13,11,111
100,0,0,200,0,200,0,0,0,0,FixedSequence_expert_DiscreteDBN_m4,0,0,0,0,0,0,0,0,0,200,0,199,0,0,100
63,57,0,47,97,57,56,0,77,46,SmartRandom_agent_DiscreteDBN_m4,0,0,0,0,0,51,65,0,55,64,94,58,0,55,57
61,53,0,45,103,55,61,0,74,49,SmartRandom_expert_DiscreteDBN_m4,0,0,0,0,0,42,78,0,69,47,104,47,0,48,63
6,0,0,1,490,1,6,0,0,0,WallFollower_agent_DiscreteDBN_m4,0,0,0,0,0,0,0,0,3,0,490,1,0,0,1
6,0,0,1,490,1,6,0,0,0,WallFollower_expert_DiscreteDBN_m4,0,0,0,0,0,0,0,0,3,0,490,1,0,0,1
56,46,45,44,44,41,31,38,27,35,Random_agent_DiscreteDBN_m4,58,21,41,44,36,49,35,37,39,32,30,39,39,38,54
45,44,40,35,45,41,44,38,40,52,Random_expert_DiscreteDBN_m4,43,38,39,38,31,38,48,33,44,30,42,40,39,37,35
242,12,0,6,23,8,188,0,11,13,SmartStraightLine_agent_DiscreteDBN_m4,0,0,0,0,0,14,13,0,186,4,19,7,0,14,239
209,10,0,9,15,7,218,0,20,10,SmartStraightLine_expert_DiscreteDBN_m4,0,0,0,0,0,10,17,0,222,10,18,10,0,8,206
66,24,1,12,37,11,20,2,26,17,SmartRandomExplorer_agent_DiscreteDBN_m4,1,0,561,3,2,25,15,0,25,15,37,17,3,14,65
111,47,0,41,89,46,51,0,69,46,SmartRandomExplorer_expert_DiscreteDBN_m4,0,0,0,0,0,39,76,0,53,42,93,38,0,47,111
8,23,2,13,6,9,396,0,8,24,ZigZag_agent_DiscreteDBN_m5,1,0,0,0,0,27,6,0,414,12,7,12,0,23,8
0,24,0,23,0,23,430,0,3,9,ZigZag_expert_DiscreteDBN_m5,0,0,0,0,0,24,0,0,434,10,0,10,0,9,0
87,25,25,45,51,54,74,34,19,39,FixedSequence_agent_DiscreteDBN_m5,1,29,22,16,46,9,19,17,55,55,82,73,17,19,86
100,0,0,200,0,200,0,0,0,0,FixedSequence_expert_DiscreteDBN_m5,0,0,0,0,0,0,0,0,0,200,0,199,0,0,100
82,46,3,69,71,56,49,3,62,50,SmartRandom_agent_DiscreteDBN_m5,4,3,4,2,3,55,68,1,57,64,74,54,5,55,59
85,48,0,56,71,48,53,0,74,53,SmartRandom_expert_DiscreteDBN_m5,0,0,0,0,0,52,75,0,75,56,75,52,0,53,73
85,45,35,34,36,45,92,25,51,31,WallFollower_agent_DiscreteDBN_m5,32,20,24,29,36,29,31,32,57,37,45,56,25,15,52
236,0,0,26,0,8,232,0,0,0,WallFollower_expert_DiscreteDBN_m5,0,0,0,0,0,17,0,0,232,8,0,8,0,0,232
41,33,52,55,26,44,30,30,23,40,Random_agent_DiscreteDBN_m5,44,37,58,41,40,46,33,38,41,49,32,34,42,47,43
32,47,40,38,42,47,44,38,44,48,Random_expert_DiscreteDBN_m5,44,53,35,37,31,41,39,42,32,35,35,39,45,38,33
174,13,9,17,20,17,176,5,38,8,SmartStraightLine_agent_DiscreteDBN_m5,12,8,7,9,6,14,25,13,202,17,16,23,8,4,158
307,3,0,2,7,2,171,0,3,4,SmartStraightLine_expert_DiscreteDBN_m5,0,0,0,0,0,6,3,0,169,2,5,3,0,6,306
37,21,1,22,27,35,22,1,15,18,SmartRandomExplorer_agent_DiscreteDBN_m5,0,1,600,1,1,23,26,0,26,23,14,21,0,34,30
101,57,0,55,56,45,59,0,72,56,SmartRandomExplorer_expert_DiscreteDBN_m5,0,0,0,0,0,63,71,0,57,42,60,45,0,49,111
6,36,3,43,3,36,325,3,1,35,ZigZag_agent_DiscreteDBN_m6,2,2,0,3,2,44,1,2,320,36,3,36,1,36,20
3,20,0,21,0,21,392,0,1,26,ZigZag_expert_DiscreteDBN_m6,0,0,0,0,0,21,2,0,416,25,0,25,0,26,0
43,29,13,95,16,39,52,7,41,53,FixedSequence_agent_DiscreteDBN_m6,5,17,14,6,22,78,36,12,102,60,30,58,19,44,108
100,0,0,200,0,200,0,0,0,0,FixedSequence_expert_DiscreteDBN_m6,0,0,0,0,0,0,0,0,0,200,0,199,0,0,100
74,61,2,51,84,61,48,0,63,56,SmartRandom_agent_DiscreteDBN_m6,1,0,1,3,1,57,57,1,61,56,78,62,2,55,64
74,59,0,60,80,56,63,0,64,48,SmartRandom_expert_DiscreteDBN_m6,0,0,0,0,0,68,56,0,58,55,75,53,0,54,76
232,0,0,8,0,8,232,0,0,0,WallFollower_agent_DiscreteDBN_m6,0,0,0,0,0,0,0,0,256,9,0,8,0,0,246
232,0,0,8,0,8,232,0,0,0,WallFollower_expert_DiscreteDBN_m6,0,0,0,0,0,0,0,0,256,9,0,8,0,0,246
42,37,49,50,50,32,35,49,28,34,Random_agent_DiscreteDBN_m6,55,31,27,36,42,45,32,31,33,42,54,43,35,35,52
44,41,44,38,46,41,45,28,38,46,Random_expert_DiscreteDBN_m6,43,28,32,47,36,37,39,38,45,39,49,45,43,30,37
232,1,5,5,9,5,224,3,6,7,SmartStraightLine_agent_DiscreteDBN_m6,0,3,5,1,8,8,7,3,227,4,7,10,1,9,209
288,3,0,4,5,4,180,0,3,1,SmartStraightLine_expert_DiscreteDBN_m6,0,0,0,0,0,3,2,0,209,4,5,3,0,2,283
79,69,4,62,33,60,53,6,51,58,SmartRandomExplorer_agent_DiscreteDBN_m6,5,3,4,9,3,69,25,6,70,71,33,78,4,50,94
121,47,0,60,56,59,47,0,47,55,SmartRandomExplorer_expert_DiscreteDBN_m6,0,0,0,0,0,51,62,0,46,51,53,52,0,57,135
4,245,0,0,0,0,6,0,0,246,ZigZag_agent_TB_m0,0,0,0,0,0,246,0,0,6,0,0,0,0,246,0
0,51,0,39,0,39,306,0,25,39,ZigZag_expert_TB_m0,0,0,0,0,0,52,0,0,306,51,0,52,0,39,0
0,0,0,0,0,0,0,0,0,0,FixedSequence_agent_TB_m0,0,0,0,0,0,0,0,0,0,0,0,0,0,0,999
100,0,0,200,0,200,0,0,0,0,FixedSequence_expert_TB_m0,0,0,0,0,0,0,0,0,0,200,0,199,0,0,100
0,0,0,0,0,0,250,0,250,0,SmartRandom_agent_TB_m0,0,0,0,0,0,0,249,0,250,0,0,0,0,0,0
65,58,0,58,82,54,34,0,83,65,SmartRandom_expert_TB_m0,0,0,0,0,0,62,83,0,39,53,82,61,0,57,63
216,0,0,36,0,36,215,0,0,0,WallFollower_agent_TB_m0,0,0,0,0,0,0,0,0,216,35,0,35,0,0,210
216,0,0,36,0,36,215,0,0,0,WallFollower_expert_TB_m0,0,0,0,0,0,0,0,0,216,35,0,35,0,0,210
1,322,1,1,3,3,1,1,1,321,Random_agent_TB_m0,1,2,1,1,2,1,1,1,1,2,322,0,3,3,3
44,44,25,45,37,32,29,49,35,38,Random_expert_TB_m0,30,28,43,53,39,39,41,40,44,51,49,41,37,38,48
198,8,0,9,16,14,233,0,22,3,StraightLine_agent_TB_m0,0,0,0,0,0,9,16,0,234,13,10,14,0,8,192
234,9,0,11,18,8,192,0,14,10,StraightLine_expert_TB_m0,0,0,0,0,0,6,16,0,197,11,25,7,0,7,234
203,15,0,8,11,7,227,0,18,13,SmartStraightLine_agent_TB_m0,0,0,0,0,0,10,19,0,229,9,17,4,0,12,197
216,12,0,8,15,9,210,0,15,11,SmartStraightLine_expert_TB_m0,0,0,0,0,0,11,16,0,214,10,16,7,0,13,216
10,1,0,3,0,2,1,0,0,2,SmartRandomExplorer_agent_TB_m0,0,0,952,0,1,2,1,0,7,2,1,2,0,2,10
104,51,0,44,86,53,40,0,72,49,SmartRandomExplorer_expert_TB_m0,0,0,0,0,0,57,61,0,44,53,72,62,0,55,96
0,39,0,52,0,52,306,0,0,50,ZigZag_agent_NOrdered_m0,0,0,0,0,0,40,26,0,312,36,0,36,0,50,0
0,39,0,52,0,52,306,0,0,51,ZigZag_expert_NOrdered_m0,0,0,0,0,0,39,25,0,306,39,0,39,0,51,0
150,0,0,100,0,100,150,0,0,0,FixedSequence_agent_NOrdered_m0,0,0,0,0,0,0,0,0,150,100,0,100,0,0,149
100,0,0,200,0,200,0,0,0,0,FixedSequence_expert_NOrdered_m0,0,0,0,0,0,0,0,0,0,200,0,199,0,0,100
0,198,0,1,0,0,397,0,1,199,SmartRandom_agent_NOrdered_m0,0,0,0,0,0,0,1,0,3,0,199,0,0,0,0
53,50,0,59,78,59,62,0,80,56,SmartRandom_expert_NOrdered_m0,0,0,0,0,0,56,91,0,67,50,73,54,0,58,53
216,0,0,36,0,36,215,0,0,0,WallFollower_agent_NOrdered_m0,0,0,0,0,0,0,0,0,216,35,0,35,0,0,210
216,0,0,36,0,36,215,0,0,0,WallFollower_expert_NOrdered_m0,0,0,0,0,0,0,0,0,216,35,0,35,0,0,210
1,2,3,2,5,1,2,3,2,4,Random_agent_NOrdered_m0,2,4,930,3,5,4,2,3,1,1,5,2,4,4,4
37,46,36,40,50,43,52,46,31,40,Random_expert_NOrdered_m0,42,34,39,34,37,41,33,32,39,40,46,47,33,42,39
0,0,0,0,0,0,426,0,71,0,StraightLine_agent_NOrdered_m0,0,0,0,0,0,0,71,0,431,0,0,0,0,0,0
198,11,0,9,12,6,228,0,23,9,StraightLine_expert_NOrdered_m0,0,0,0,0,0,10,17,0,233,12,17,10,0,6,198
217,35,0,0,0,0,210,0,0,35,SmartStraightLine_agent_NOrdered_m0,0,0,0,0,0,36,0,0,216,0,0,0,0,36,214
210,10,0,11,13,9,221,0,20,8,SmartStraightLine_expert_NOrdered_m0,0,0,0,0,0,8,17,0,221,13,18,10,0,6,204
7,1,0,5,1,1,2,0,1,1,SmartRandomExplorer_agent_NOrdered_m0,0,0,0,0,0,5,1,0,2,6,2,1,0,6,957
97,49,0,52,99,52,46,0,50,52,SmartRandomExplorer_expert_NOrdered_m0,0,0,0,0,0,41,60,0,55,50,108,45,0,49,94
0,3,0,3,0,3,441,0,53,0,ZigZag_agent_TB_m1,0,0,0,0,0,3,52,0,441,0,0,0,0,0,0
0,30,0,25,0,25,380,0,9,27,ZigZag_expert_TB_m1,0,0,0,0,0,30,0,0,382,32,0,32,0,27,0
0,0,0,0,0,0,1,0,498,0,FixedSequence_agent_TB_m1,0,0,0,0,0,0,498,0,0,1,0,1,0,0,0
100,0,0,200,0,200,0,0,0,0,FixedSequence_expert_TB_m1,0,0,0,0,0,0,0,0,0,200,0,199,0,0,100
5,44,0,80,46,85,120,0,40,80,SmartRandom_agent_TB_m1,0,0,0,0,0,45,80,0,159,40,41,80,0,45,9
77,53,0,54,78,39,66,0,75,61,SmartRandom_expert_TB_m1,0,0,0,0,0,64,69,0,51,53,83,53,0,56,67
269,0,0,23,0,23,184,0,0,0,WallFollower_agent_TB_m1,0,0,0,0,0,0,0,0,178,23,0,23,0,0,276
269,0,0,23,0,23,184,0,0,0,WallFollower_expert_TB_m1,0,0,0,0,0,0,0,0,178,23,0,23,0,0,276
100,1,99,100,0,1,0,99,1,0,Random_agent_TB_m1,199,0,0,0,0,0,0,0,0,100,0,100,0,0,199
45,51,37,37,37,36,28,38,45,42,Random_expert_TB_m1,41,38,32,42,43,45,36,43,40,38,40,36,45,39,45
269,0,0,0,22,23,182,0,0,0,StraightLine_agent_TB_m1,0,0,0,0,0,0,23,0,184,0,0,0,0,23,273
225,11,0,5,3,2,232,0,16,11,StraightLine_expert_TB_m1,0,0,0,0,0,9,15,0,225,5,7,3,0,8,222
428,0,0,1,70,0,0,0,0,1,SmartStraightLine_agent_TB_m1,0,0,0,0,0,0,0,0,2,1,70,1,0,0,425
249,8,0,6,7,3,208,0,15,8,SmartStraightLine_expert_TB_m1,0,0,0,0,0,6,14,0,202,6,11,5,0,5,246
10,10,0,4,1,6,15,0,4,11,SmartRandomExplorer_agent_TB_m1,0,0,874,1,0,5,3,0,14,10,4,8,0,9,10
104,59,0,48,67,52,51,0,63,57,SmartRandomExplorer_expert_TB_m1,0,0,0,0,0,44,63,0,46,63,78,50,0,59,95
0,3,0,49,0,49,400,0,1,0,ZigZag_agent_NOrdered_m1,0,0,0,0,0,3,0,0,400,47,0,47,0,0,0
0,30,0,35,0,35,373,0,0,32,ZigZag_expert_NOrdered_m1,0,0,0,0,0,30,9,0,369,27,0,27,0,32,0
150,0,0,100,0,100,149,0,0,0,FixedSequence_agent_NOrdered_m1,0,0,0,0,0,0,0,0,150,100,0,100,0,0,150
100,0,0,200,0,200,0,0,0,0,FixedSequence_expert_NOrdered_m1,0,0,0,0,0,0,0,0,0,200,0,199,0,0,100
50,104,0,55,53,104,3,0,53,54,SmartRandom_agent_NOrdered_m1,0,0,0,0,0,2,55,0,51,103,106,52,0,52,102
69,63,0,47,77,61,55,0,82,50,SmartRandom_expert_NOrdered_m1,0,0,0,0,0,60,73,0,50,62,66,57,0,66,61
236,0,0,43,0,22,172,0,0,0,WallFollower_agent_NOrdered_m1,0,0,0,0,0,21,0,0,211,21,0,21,0,0,252
269,0,0,23,0,23,184,0,0,0,WallFollower_expert_NOrdered_m1,0,0,0,0,0,0,0,0,178,23,0,23,0,0,276
1,1,106,106,4,108,0,1,106,1,Random_agent_NOrdered_m1,2,4,3,2,108,107,1,3,5,106,0,211,5,3,5
55,44,25,39,35,29,44,47,43,43,Random_expert_NOrdered_m1,29,43,49,40,43,39,39,44,41,37,46,36,38,38,33
0,0,0,0,0,0,0,0,0,0,StraightLine_agent_NOrdered_m1,0,0,0,0,0,0,0,0,999,0,0,0,0,0,0
305,7,0,4,14,8,148,0,6,5,StraightLine_expert_NOrdered_m1,0,0,0,0,0,8,4,0,145,7,10,7,0,9,312
269,1,0,22,0,0,185,0,0,22,SmartStraightLine_agent_NOrdered_m1,0,0,0,0,0,0,22,0,178,1,23,0,0,0,276
250,5,0,7,9,7,200,0,12,7,SmartStraightLine_expert_NOrdered_m1,0,0,0,0,0,3,17,0,197,6,12,4,0,6,257
3,2,0,2,2,2,2,0,0,164,SmartRandomExplorer_agent_NOrdered_m1,0,0,0,0,0,2,0,0,1,163,2,164,0,162,328
114,64,0,50,59,48,41,0,65,60,SmartRandomExplorer_expert_NOrdered_m1,0,0,0,0,0,52,56,0,60,49,72,54,0,42,113
58,29,0,15,0,14,341,0,29,14,ZigZag_agent_TB_m2,0,0,0,0,0,29,0,0,344,28,0,28,0,14,56
60,29,0,15,0,15,341,0,28,14,ZigZag_expert_TB_m2,0,0,0,0,0,29,0,0,342,28,0,28,0,14,56
0,0,0,100,0,100,201,0,0,0,FixedSequence_agent_TB_m2,0,0,0,0,0,0,0,0,198,100,0,100,0,0,200
100,0,0,200,0,200,0,0,0,0,FixedSequence_expert_TB_m2,0,0,0,0,0,0,0,0,0,200,0,199,0,0,100
67,46,0,41,106,58,59,0,77,49,SmartRandom_agent_TB_m2,0,0,0,0,0,44,78,0,77,40,91,60,0,45,61
71,59,0,42,102,40,53,0,77,54,SmartRandom_expert_TB_m2,0,0,0,0,0,61,63,0,65,39,101,50,0,44,78
6,0,0,1,490,1,6,0,0,0,WallFollower_agent_TB_m2,0,0,0,0,0,0,0,0,3,0,490,1,0,0,1
6,0,0,1,490,1,6,0,0,0,WallFollower_expert_TB_m2,0,0,0,0,0,0,0,0,3,0,490,1,0,0,1
25,37,39,22,51,21,7,51,57,19,Random_agent_TB_m2,45,46,62,20,56,33,32,47,58,39,50,33,30,51,68
38,37,34,49,33,50,47,41,26,35,Random_expert_TB_m2,28,48,34,44,47,37,32,43,56,41,38,35,49,34,43
228,9,0,7,22,6,199,0,21,7,StraightLine_agent_TB_m2,0,0,0,0,0,12,12,0,201,9,20,12,0,6,228
186,4,0,12,14,14,242,0,20,7,StraightLine_expert_TB_m2,0,0,0,0,0,6,25,0,242,10,11,12,0,8,186
185,9,0,8,15,8,245,0,27,6,SmartStraightLine_agent_TB_m2,0,0,0,0,0,13,18,0,242,9,11,14,0,6,183
226,10,0,12,18,10,199,0,15,9,SmartStraightLine_expert_TB_m2,0,0,0,0,0,10,13,0,200,11,20,10,0,8,228
6,100,0,0,99,197,100,0,1,0,SmartRandomExplorer_agent_TB_m2,0,0,0,0,0,1,0,0,198,99,0,99,0,99,0
112,51,0,48,95,46,47,0,51,53,SmartRandomExplorer_expert_TB_m2,0,0,0,0,0,48,47,0,52,46,100,52,0,43,108
56,29,0,15,0,14,342,0,29,14,ZigZag_agent_NOrdered_m2,0,0,0,0,0,29,0,0,345,28,0,28,0,14,56
60,29,0,15,0,15,341,0,28,14,ZigZag_expert_NOrdered_m2,0,0,0,0,0,29,0,0,342,28,0,28,0,14,56
150,0,0,100,0,100,150,0,0,0,FixedSequence_agent_NOrdered_m2,0,0,0,0,0,0,0,0,149,100,0,100,0,0,150
100,0,0,200,0,200,0,0,0,0,FixedSequence_expert_NOrdered_m2,0,0,0,0,0,0,0,0,0,200,0,199,0,0,100
2,89,0,7,46,6,87,0,172,90,SmartRandom_agent_NOrdered_m2,0,0,0,0,0,129,174,0,51,5,7,5,0,129,0
74,47,0,43,95,41,67,0,85,48,SmartRandom_expert_NOrdered_m2,0,0,0,0,0,58,76,0,63,48,87,51,0,54,62
216,0,0,36,0,36,216,0,0,0,WallFollower_agent_NOrdered_m2,0,0,0,0,0,0,0,0,213,35,0,36,0,0,211
6,0,0,1,490,1,6,0,0,0,WallFollower_expert_NOrdered_m2,0,0,0,0,0,0,0,0,3,0,490,1,0,0,1
1,2,4,3,5,2,3,3,3,4,Random_agent_NOrdered_m2,5,5,930,0,2,3,3,2,4,1,4,2,2,4,2
35,36,38,42,37,38,45,34,31,56,Random_expert_NOrdered_m2,29,41,27,42,42,41,31,45,39,48,45,50,37,50,40
0,0,0,0,0,0,427,0,72,0,StraightLine_agent_NOrdered_m2,0,0,0,0,0,0,71,0,429,0,0,0,0,0,0
228,11,0,6,20,5,202,0,22,8,StraightLine_expert_NOrdered_m2,0,0,0,0,0,11,14,0,204,9,22,9,0,6,222
6,0,0,1,0,1,424,0,70,0,SmartStraightLine_agent_NOrdered_m2,0,0,0,0,0,0,71,0,426,0,0,0,0,0,0
190,3,0,16,14,15,240,0,16,9,SmartStraightLine_expert_NOrdered_m2,0,0,0,0,0,7,26,0,238,8,12,11,0,8,186
1,2,0,1,2,0,4,0,1,0,SmartRandomExplorer_agent_NOrdered_m2,0,0,0,0,0,2,0,0,980,2,3,0,0,1,0
101,47,0,50,97,48,40,0,62,54,SmartRandomExplorer_expert_NOrdered_m2,0,0,0,0,0,53,63,0,47,42,94,54,0,46,101
3,1,0,1,0,0,2,0,0,0,ZigZag_agent_TB_m3,0,0,0,0,0,2,0,0,990,0,0,0,0,0,0
4,51,0,1,0,1,346,0,98,0,ZigZag_expert_TB_m3,0,0,0,0,0,51,0,0,349,49,0,49,0,0,0
150,0,0,100,0,100,150,0,0,0,FixedSequence_agent_TB_m3,0,0,0,0,0,0,0,0,150,100,0,99,0,0,150
100,0,0,200,0,200,0,0,0,0,FixedSequence_expert_TB_m3,0,0,0,0,0,0,0,0,0,200,0,199,0,0,100
6,46,0,90,45,89,44,0,92,88,SmartRandom_agent_TB_m3,0,0,0,0,0,47,177,0,46,47,46,46,0,88,2
74,45,0,44,110,43,59,0,85,41,SmartRandom_expert_TB_m3,0,0,0,0,0,34,80,0,61,53,122,44,0,38,66
4,0,0,1,0,1,990,0,0,0,WallFollower_agent_TB_m3,0,0,0,0,0,0,0,0,3,0,0,0,0,0,0
6,0,0,1,0,1,2,0,493,0,WallFollower_expert_TB_m3,0,0,0,0,0,0,493,0,3,0,0,0,0,0,0
2,76,2,150,1,1,148,4,73,76,Random_agent_TB_m3,1,3,4,3,1,148,75,1,0,75,79,1,1,73,1
42,51,37,49,34,45,41,42,38,44,Random_expert_TB_m3,32,39,21,34,46,51,43,38,36,39,43,37,34,49,34
93,0,0,15,0,0,336,0,42,14,StraightLine_agent_TB_m3,0,0,0,0,0,1,56,0,338,1,15,0,0,1,87
222,9,0,14,14,7,208,0,13,15,StraightLine_expert_TB_m3,0,0,0,0,0,9,19,0,210,7,21,7,0,8,216
176,13,0,13,3,12,246,0,24,13,SmartStraightLine_agent_TB_m3,0,0,0,0,0,2,36,0,248,13,16,0,0,14,170
236,10,0,11,18,11,194,0,12,10,SmartStraightLine_expert_TB_m3,0,0,0,0,0,12,10,0,195,11,17,12,0,10,230
3,123,0,0,123,0,0,0,123,125,SmartRandomExplorer_agent_TB_m3,0,0,0,0,0,0,124,0,126,2,247,1,0,2,0
102,41,0,53,97,43,47,0,60,54,SmartRandomExplorer_expert_TB_m3,0,0,0,0,0,35,70,0,57,46,114,46,0,37,97
68,18,0,17,0,17,307,0,34,33,ZigZag_agent_NOrdered_m3,0,0,0,0,0,18,0,0,322,66,0,66,0,33,0
4,51,0,1,0,1,346,0,98,0,ZigZag_expert_NOrdered_m3,0,0,0,0,0,51,0,0,349,49,0,49,0,0,0
150,0,0,100,0,100,150,0,0,0,FixedSequence_agent_NOrdered_m3,0,0,0,0,0,0,0,0,150,100,0,100,0,0,149
100,0,0,200,0,200,0,0,0,0,FixedSequence_expert_NOrdered_m3,0,0,0,0,0,0,0,0,0,200,0,199,0,0,100
52,51,0,53,83,127,28,0,100,52,SmartRandom_agent_NOrdered_m3,0,0,0,0,0,50,151,0,6,30,10,77,0,78,51
63,56,0,46,95,42,55,0,96,46,SmartRandom_expert_NOrdered_m3,0,0,0,0,0,48,78,0,58,56,107,50,0,40,63
217,0,0,36,0,36,216,0,0,0,WallFollower_agent_NOrdered_m3,0,0,0,0,0,0,0,0,213,35,0,36,0,0,210
6,0,0,1,0,1,2,0,493,0,WallFollower_expert_NOrdered_m3,0,0,0,0,0,0,493,0,3,0,0,0,0,0,0
21,32,25,46,36,35,28,99,24,38,Random_agent_NOrdered_m3,34,62,48,36,44,36,57,22,27,53,33,46,30,62,25
43,43,37,44,45,47,30,33,41,38,Random_expert_NOrdered_m3,29,39,39,38,46,42,41,36,37,48,51,36,45,44,27
0,0,0,0,0,0,428,0,71,0,StraightLine_agent_NOrdered_m3,0,0,0,0,0,0,72,0,428,0,0,0,0,0,0
231,9,0,9,20,8,195,0,17,8,StraightLine_expert_NOrdered_m3,0,0,0,0,0,9,14,0,198,11,22,10,0,7,231
456,0,0,0,90,0,0,0,0,0,SmartStraightLine_agent_NOrdered_m3,0,0,0,0,0,0,0,0,0,0,91,0,0,0,362
218,6,0,10,20,13,210,0,17,5,SmartStraightLine_expert_NOrdered_m3,0,0,0,0,0,5,20,0,213,11,19,9,0,9,214
0,59,0,59,118,0,120,0,0,58,SmartRandomExplorer_agent_NOrdered_m3,0,0,0,0,0,59,0,0,0,59,177,0,0,58,232
107,56,0,39,89,38,59,0,66,48,SmartRandomExplorer_expert_NOrdered_m3,0,0,0,0,0,37,56,0,62,53,109,40,0,41,99
60,29,0,15,0,15,341,0,28,14,ZigZag_agent_TB_m4,0,0,0,0,0,29,0,0,342,28,0,28,0,14,56
60,29,0,15,0,15,341,0,28,14,ZigZag_expert_TB_m4,0,0,0,0,0,29,0,0,342,28,0,28,0,14,56
150,0,0,100,0,100,150,0,0,0,FixedSequence_agent_TB_m4,0,0,0,0,0,0,0,0,150,100,0,99,0,0,150
100,0,0,200,0,200,0,0,0,0,FixedSequence_expert_TB_m4,0,0,0,0,0,0,0,0,0,200,0,199,0,0,100
29,48,0,64,136,22,84,0,52,65,SmartRandom_agent_TB_m4,0,0,0,0,0,65,68,0,45,44,161,23,0,61,32
64,49,0,53,92,47,60,0,83,50,SmartRandom_expert_TB_m4,0,0,0,0,0,47,83,0,61,51,101,48,0,45,65
6,0,0,1,490,1,6,0,0,0,WallFollower_agent_TB_m4,0,0,0,0,0,0,0,0,3,0,490,1,0,0,1
6,0,0,1,490,1,6,0,0,0,WallFollower_expert_TB_m4,0,0,0,0,0,0,0,0,3,0,490,1,0,0,1
24,28,57,46,50,29,28,37,54,17,Random_agent_TB_m4,46,47,41,34,67,83,14,56,44,16,23,47,44,35,32
41,49,49,40,42,44,50,36,40,39,Random_expert_TB_m4,48,36,30,39,34,38,36,44,48,33,50,37,29,32,35
246,11,0,7,22,8,184,0,11,13,StraightLine_agent_TB_m4,0,0,0,0,0,12,14,0,186,5,21,6,0,13,240
186,10,0,7,14,6,242,0,27,7,StraightLine_expert_TB_m4,0,0,0,0,0,11,21,0,246,9,14,10,0,7,182
5,0,0,0,0,1,1,0,496,0,SmartStraightLine_agent_TB_m4,0,0,0,0,0,0,496,0,0,0,0,0,0,0,0
226,6,0,12,19,15,206,0,10,10,SmartStraightLine_expert_TB_m4,0,0,0,0,0,6,20,0,204,8,17,8,0,12,220
5,1,0,0,495,1,1,0,0,0,SmartRandomExplorer_agent_TB_m4,0,0,0,0,0,0,0,0,0,0,496,0,0,0,0
97,41,0,45,86,46,62,0,82,39,SmartRandomExplorer_expert_TB_m4,0,0,0,0,0,40,82,0,72,38,87,44,0,32,106
56,29,0,15,0,14,342,0,29,14,ZigZag_agent_NOrdered_m4,0,0,0,0,0,29,0,0,345,28,0,28,0,14,56
60,29,0,15,0,15,341,0,28,14,ZigZag_expert_NOrdered_m4,0,0,0,0,0,29,0,0,342,28,0,28,0,14,56
150,0,0,100,0,100,150,0,0,0,FixedSequence_agent_NOrdered_m4,0,0,0,0,0,0,0,0,150,100,0,100,0,0,149
100,0,0,200,0,200,0,0,0,0,FixedSequence_expert_NOrdered_m4,0,0,0,0,0,0,0,0,0,200,0,199,0,0,100
30,69,0,47,85,49,84,0,69,59,SmartRandom_agent_NOrdered_m4,0,0,0,0,0,70,71,0,94,46,82,37,0,71,36
76,47,0,46,101,47,50,0,85,48,SmartRandom_expert_NOrdered_m4,0,0,0,0,0,49,81,0,51,48,99,52,0,46,73
216,0,0,36,0,36,216,0,0,0,WallFollower_agent_NOrdered_m4,0,0,0,0,0,0,0,0,213,35,0,36,0,0,211
6,0,0,1,490,1,6,0,0,0,WallFollower_expert_NOrdered_m4,0,0,0,0,0,0,0,0,3,0,490,1,0,0,1
28,0,27,79,80,80,79,26,27,27,Random_agent_NOrdered_m4,26,54,1,0,2,27,81,28,82,27,53,26,1,56,82
42,40,46,36,38,41,48,44,36,45,Random_expert_NOrdered_m4,50,51,49,32,42,27,34,45,37,26,41,41,40,28,40
0,0,0,0,0,0,428,0,71,0,StraightLine_agent_NOrdered_m4,0,0,0,0,0,0,72,0,428,0,0,0,0,0,0
246,7,0,8,25,13,184,0,11,8,StraightLine_expert_NOrdered_m4,0,0,0,0,0,10,14,0,186,7,18,10,0,12,240
3,0,0,0,0,0,0,0,0,0,SmartStraightLine_agent_NOrdered_m4,0,0,0,0,0,1,0,0,995,0,0,0,0,0,0
226,8,0,11,18,11,200,0,12,11,SmartStraightLine_expert_NOrdered_m4,0,0,0,0,0,7,18,0,204,9,20,8,0,10,226
0,59,0,59,118,0,120,0,0,58,SmartRandomExplorer_agent_NOrdered_m4,0,0,0,0,0,59,0,0,0,59,177,0,0,58,232
107,48,0,46,87,47,43,0,70,51,SmartRandomExplorer_expert_NOrdered_m4,0,0,0,0,0,46,72,0,51,43,88,48,0,45,107
18,19,0,5,2,6,446,0,0,13,ZigZag_agent_TB_m5,0,0,0,0,0,21,0,0,454,0,0,0,0,15,0
0,25,0,25,0,25,399,0,5,21,ZigZag_expert_TB_m5,0,0,0,0,0,25,5,0,408,20,0,20,0,21,0
0,0,0,0,0,0,0,0,0,0,FixedSequence_agent_TB_m5,0,0,0,0,0,0,0,0,0,0,0,0,0,0,999
100,0,0,200,0,200,0,0,0,0,FixedSequence_expert_TB_m5,0,0,0,0,0,0,0,0,0,200,0,199,0,0,100
168,11,0,11,144,147,5,0,12,10,SmartRandom_agent_TB_m5,0,0,0,0,0,11,145,0,12,11,8,13,0,144,147
81,63,0,55,75,63,45,0,72,51,SmartRandom_expert_TB_m5,0,0,0,0,0,55,66,0,68,57,76,57,0,51,64
0,0,0,125,0,125,250,0,0,0,WallFollower_agent_TB_m5,0,0,0,0,0,0,0,0,251,124,0,124,0,0,0
236,0,0,26,0,8,232,0,0,0,WallFollower_expert_TB_m5,0,0,0,0,0,17,0,0,232,8,0,8,0,0,232
0,0,0,0,0,0,999,0,0,0,Random_agent_TB_m5,0,0,0,0,0,0,0,0,0,0,0,0,0,0,0
39,46,39,32,30,51,52,45,45,41,Random_expert_TB_m5,29,52,48,51,34,39,39,48,27,39,28,46,34,36,29
0,0,0,125,0,125,250,0,0,0,StraightLine_agent_TB_m5,0,0,0,0,0,0,0,0,251,124,0,124,0,0,0
329,0,0,3,10,4,158,0,1,1,StraightLine_expert_TB_m5,0,0,0,0,0,4,3,0,156,0,4,3,0,4,319
36,0,0,2,465,0,0,0,0,0,SmartStraightLine_agent_TB_m5,0,0,0,0,0,2,0,0,15,1,466,0,0,1,11
288,2,0,5,7,2,173,0,5,4,SmartStraightLine_expert_TB_m5,0,0,0,0,0,7,5,0,200,2,5,4,0,4,286
27,1,0,1,483,1,1,0,0,0,SmartRandomExplorer_agent_TB_m5,0,0,0,0,0,1,0,0,1,0,483,0,0,0,0
135,47,0,44,53,46,44,0,66,65,SmartRandomExplorer_expert_TB_m5,0,0,0,0,0,44,79,0,55,44,54,51,0,57,115
0,51,0,4,0,4,388,0,0,47,ZigZag_agent_NOrdered_m5,0,0,0,0,0,52,0,0,406,0,0,0,0,47,0
0,24,0,25,0,25,399,0,4,21,ZigZag_expert_NOrdered_m5,0,0,0,0,0,25,5,0,408,21,0,21,0,21,0
150,0,0,100,0,100,150,0,0,0,FixedSequence_agent_NOrdered_m5,0,0,0,0,0,0,0,0,150,100,0,99,0,0,150
100,0,0,200,0,200,0,0,0,0,FixedSequence_expert_NOrdered_m5,0,0,0,0,0,0,0,0,0,200,0,199,0,0,100
5,123,0,123,123,123,0,0,1,1,SmartRandom_agent_NOrdered_m5,0,0,0,0,0,0,2,0,0,123,247,0,0,1,127
101,59,0,48,72,55,66,0,57,50,SmartRandom_expert_NOrdered_m5,0,0,0,0,0,62,54,0,61,53,63,48,0,64,86
193,0,0,47,0,47,188,0,0,0,WallFollower_agent_NOrdered_m5,0,0,0,0,0,0,0,0,195,47,0,47,0,0,235
236,0,0,26,0,8,232,0,0,0,WallFollower_expert_NOrdered_m5,0,0,0,0,0,17,0,0,232,8,0,8,0,0,232
0,1,0,2,1,0,5,1,0,2,Random_agent_NOrdered_m5,1,0,973,1,1,2,2,0,1,1,1,1,1,2,0
44,38,45,36,52,35,21,32,34,46,Random_expert_NOrdered_m5,56,40,40,36,36,34,33,34,42,43,46,36,57,38,45
0,0,0,0,0,0,0,0,0,0,StraightLine_agent_NOrdered_m5,0,0,0,0,0,0,0,0,999,0,0,0,0,0,0
245,3,0,4,3,4,221,0,5,4,StraightLine_expert_NOrdered_m5,0,0,0,0,0,3,7,0,251,3,4,3,0,4,235
245,0,0,24,0,0,207,0,0,23,SmartStraightLine_agent_NOrdered_m5,0,0,0,0,0,0,23,0,216,1,24,0,0,0,236
219,3,0,4,3,5,263,0,9,5,SmartStraightLine_expert_NOrdered_m5,0,0,0,0,0,5,13,0,268,2,1,3,0,6,190
940,4,0,4,4,3,5,0,1,3,SmartRandomExplorer_agent_NOrdered_m5,0,0,0,0,0,5,0,0,3,4,4,3,0,4,12
116,54,0,48,65,54,45,0,52,58,SmartRandomExplorer_expert_NOrdered_m5,0,0,0,0,0,56,56,0,78,47,58,54,0,59,99
9,2,0,17,0,16,452,0,1,0,ZigZag_agent_TB_m6,0,0,0,0,0,4,0,0,470,14,0,14,0,0,0
0,25,0,26,0,26,392,0,1,21,ZigZag_expert_TB_m6,0,0,0,0,0,25,2,0,416,21,0,20,0,21,3
0,0,0,0,0,0,999,0,0,0,FixedSequence_agent_TB_m6,0,0,0,0,0,0,0,0,0,0,0,0,0,0,0
100,0,0,200,0,200,0,0,0,0,FixedSequence_expert_TB_m6,0,0,0,0,0,0,0,0,0,200,0,199,0,0,100
1,2,0,3,493,2,0,0,0,0,SmartRandom_agent_TB_m6,0,0,0,0,0,3,0,0,2,0,492,0,0,1,0
63,55,0,60,76,61,64,0,70,53,SmartRandom_expert_TB_m6,0,0,0,0,0,63,69,0,60,57,67,60,0,60,61
232,0,0,8,0,8,232,0,0,0,WallFollower_agent_TB_m6,0,0,0,0,0,0,0,0,256,9,0,8,0,0,246
232,0,0,8,0,8,232,0,0,0,WallFollower_expert_TB_m6,0,0,0,0,0,0,0,0,256,9,0,8,0,0,246
162,15,3,1,166,168,1,14,6,11,Random_agent_TB_m6,1,6,6,25,5,5,175,15,8,6,11,3,5,169,12
27,43,36,41,32,39,41,43,47,44,Random_expert_TB_m6,37,33,41,33,50,35,49,32,27,49,41,47,42,45,45
319,0,0,0,11,5,145,0,0,0,StraightLine_agent_TB_m6,0,0,0,0,0,6,0,0,174,0,0,5,0,6,328
275,3,0,2,4,1,203,0,3,3,StraightLine_expert_TB_m6,0,0,0,0,0,2,3,0,203,2,7,1,0,2,285
58,0,0,2,0,1,411,0,14,1,SmartStraightLine_agent_TB_m6,0,0,0,0,0,1,13,0,419,3,1,2,0,1,72
267,1,0,1,8,3,210,0,3,2,SmartStraightLine_expert_TB_m6,0,0,0,0,0,4,5,0,209,0,3,2,0,5,276
1,0,0,0,0,0,0,0,0,0,SmartRandomExplorer_agent_TB_m6,0,0,989,0,1,1,0,0,3,1,0,0,0,2,1
143,43,0,53,62,38,36,0,57,60,SmartRandomExplorer_expert_TB_m6,0,0,0,0,0,53,55,0,35,52,66,57,0,50,139
0,2,0,3,0,3,980,0,0,0,ZigZag_agent_NOrdered_m6,0,0,0,0,0,3,0,0,8,0,0,0,0,0,0
0,22,0,23,0,23,390,0,1,24,ZigZag_expert_NOrdered_m6,0,0,0,0,0,22,2,0,419,24,0,24,0,25,0
150,0,0,100,0,100,149,0,0,0,FixedSequence_agent_NOrdered_m6,0,0,0,0,0,0,0,0,150,100,0,100,0,0,150
100,0,0,200,0,200,0,0,0,0,FixedSequence_expert_NOrdered_m6,0,0,0,0,0,0,0,0,0,200,0,199,0,0,100
18,2,0,87,14,85,83,0,167,4,SmartRandom_agent_NOrdered_m6,0,0,0,0,0,5,169,0,166,85,13,84,0,6,11
65,63,0,48,72,63,53,0,68,57,SmartRandom_expert_NOrdered_m6,0,0,0,0,0,48,72,0,71,59,71,53,0,63,73
232,0,0,8,0,8,232,0,0,0,WallFollower_agent_NOrdered_m6,0,0,0,0,0,0,0,0,256,9,0,8,0,0,246
232,0,0,8,0,8,232,0,0,0,WallFollower_expert_NOrdered_m6,0,0,0,0,0,0,0,0,256,9,0,8,0,0,246
11,39,153,13,33,29,57,25,27,33,Random_agent_NOrdered_m6,84,16,48,18,89,29,30,14,10,21,97,29,15,36,43
34,37,38,33,34,49,34,49,38,41,Random_expert_NOrdered_m6,38,62,42,50,41,27,39,51,31,37,28,39,52,34,41
377,0,0,0,13,0,104,0,13,0,StraightLine_agent_NOrdered_m6,0,0,0,0,0,13,0,0,104,0,0,13,0,0,362
275,3,0,3,4,2,189,0,5,1,StraightLine_expert_NOrdered_m6,0,0,0,0,0,0,2,0,210,5,8,2,0,0,290
246,0,0,8,0,0,227,0,0,8,SmartStraightLine_agent_NOrdered_m6,0,0,0,0,0,0,7,0,232,1,9,0,0,0,261
232,3,0,2,3,2,232,0,5,1,SmartStraightLine_expert_NOrdered_m6,0,0,0,0,0,4,2,0,252,5,3,3,0,3,247
132,26,0,29,51,53,78,0,25,50,SmartRandomExplorer_agent_NOrdered_m6,0,0,0,0,0,54,1,0,51,75,0,101,0,76,197
146,36,0,49,90,48,40,0,48,41,SmartRandomExplorer_expert_NOrdered_m6,0,0,0,0,0,36,58,0,39,43,91,43,0,41,150
241,5,0,8,28,11,186,0,12,9,StraightLine_agent_DiscreteDBN_m0,0,0,0,0,0,11,18,0,190,4,20,9,0,12,235
210,10,0,9,15,7,216,0,21,8,StraightLine_expert_DiscreteDBN_m0,0,0,0,0,0,9,17,0,222,11,19,9,0,7,209
233,4,0,6,9,8,224,0,14,6,StraightLine_agent_DiscreteDBN_m1,0,0,0,0,0,9,16,0,219,4,3,8,0,8,228
292,5,0,5,15,7,168,0,7,7,StraightLine_expert_DiscreteDBN_m1,0,0,0,0,0,6,12,0,161,2,11,4,0,9,288
169,7,0,9,13,6,257,0,31,6,StraightLine_agent_DiscreteDBN_m2,0,0,0,0,0,9,26,0,261,9,13,11,0,4,168
230,13,0,7,19,4,200,0,17,12,StraightLine_expert_DiscreteDBN_m2,0,0,0,0,0,8,18,0,198,7,26,3,0,9,228
160,12,9,20,21,20,179,8,23,22,StraightLine_agent_DiscreteDBN_m3,9,11,8,10,8,16,34,7,190,11,17,17,13,15,159
204,8,0,8,18,9,226,0,17,12,StraightLine_expert_DiscreteDBN_m3,0,0,0,0,0,11,24,0,228,3,14,6,0,13,198
210,7,0,11,17,11,221,0,20,6,StraightLine_agent_DiscreteDBN_m4,0,0,0,0,0,8,19,0,220,11,16,12,0,6,204
198,8,0,11,14,9,229,0,23,7,StraightLine_expert_DiscreteDBN_m4,0,0,0,0,0,11,15,0,231,12,13,15,0,5,198
219,8,8,16,19,7,163,6,15,16,StraightLine_agent_DiscreteDBN_m5,9,9,13,7,11,12,12,13,176,11,23,14,9,11,192
271,4,0,6,4,3,212,0,8,3,StraightLine_expert_DiscreteDBN_m5,0,0,0,0,0,5,5,0,210,6,6,5,0,2,249
246,2,0,2,4,3,232,0,4,1,StraightLine_agent_DiscreteDBN_m6,0,0,0,0,0,3,2,0,232,3,3,4,0,2,256
227,3,0,2,3,1,261,0,7,1,StraightLine_expert_DiscreteDBN_m6,0,0,0,0,0,3,2,0,261,4,3,4,0,0,217
3,2,0,2,0,1,425,0,70,0,ZigZag_agent_DiscreteLSTM_m0,0,0,0,0,0,3,68,0,425,0,0,0,0,0,0
0,39,0,52,0,52,306,0,0,51,ZigZag_expert_DiscreteLSTM_m0,0,0,0,0,0,39,25,0,306,39,0,39,0,51,0
0,0,0,0,0,0,0,0,500,0,ZigZag_agent_DiscreteMLP_m0,0,0,0,0,0,0,499,0,0,0,0,0,0,0,0
0,52,0,39,0,39,306,0,26,37,ZigZag_expert_DiscreteMLP_m0,0,0,0,0,0,52,0,0,312,49,0,50,0,37,0
0,0,0,0,0,0,446,0,55,0,ZigZag_agent_DiscreteLSTM_m1,0,0,0,0,0,0,56,0,442,0,0,0,0,0,0
0,31,0,27,0,27,384,0,9,24,ZigZag_expert_DiscreteLSTM_m1,0,0,0,0,0,31,0,0,384,29,0,29,0,24,0
0,0,0,0,0,0,6,0,496,0,ZigZag_agent_DiscreteMLP_m1,0,0,0,0,0,0,495,0,0,1,0,1,0,0,0
0,30,0,35,0,35,373,0,0,32,ZigZag_expert_DiscreteMLP_m1,0,0,0,0,0,30,9,0,369,27,0,27,0,32,0
56,29,0,15,0,14,342,0,29,14,ZigZag_agent_DiscreteLSTM_m2,0,0,0,0,0,29,0,0,345,28,0,28,0,14,56
60,29,0,15,0,15,341,0,28,14,ZigZag_expert_DiscreteLSTM_m2,0,0,0,0,0,29,0,0,342,28,0,28,0,14,56
0,0,0,0,0,0,2,0,498,0,ZigZag_agent_DiscreteMLP_m2,0,0,0,0,0,0,499,0,0,0,0,0,0,0,0
60,15,0,29,0,29,342,0,0,28,ZigZag_expert_DiscreteMLP_m2,0,0,0,0,0,15,28,0,341,14,0,14,0,28,56
4,36,0,1,0,2,409,0,67,0,ZigZag_agent_DiscreteLSTM_m3,0,0,0,0,0,35,34,0,411,0,0,0,0,0,0
4,50,0,1,0,1,349,0,99,0,ZigZag_expert_DiscreteLSTM_m3,0,0,0,0,0,50,0,0,347,49,0,49,0,0,0
0,0,0,0,0,0,2,0,498,0,ZigZag_agent_DiscreteMLP_m3,0,0,0,0,0,0,499,0,0,0,0,0,0,0,0
4,1,0,51,0,51,348,0,0,49,ZigZag_expert_DiscreteMLP_m3,0,0,0,0,0,1,98,0,347,0,0,0,0,49,0
56,29,0,15,0,14,342,0,29,14,ZigZag_agent_DiscreteLSTM_m4,0,0,0,0,0,29,0,0,345,28,0,28,0,14,56
60,29,0,15,0,15,341,0,28,14,ZigZag_expert_DiscreteLSTM_m4,0,0,0,0,0,29,0,0,342,28,0,28,0,14,56
0,1,0,0,0,0,2,0,495,0,ZigZag_agent_DiscreteMLP_m4,0,0,0,0,0,1,494,0,6,0,0,0,0,0,0
60,29,0,15,0,15,341,0,28,14,ZigZag_expert_DiscreteMLP_m4,0,0,0,0,0,29,0,0,342,28,0,28,0,14,56
0,124,0,1,0,1,248,0,0,123,ZigZag_agent_DiscreteLSTM_m5,0,0,0,0,0,124,0,0,255,0,0,0,0,123,0
0,24,0,23,0,23,430,0,3,9,ZigZag_expert_DiscreteLSTM_m5,0,0,0,0,0,24,0,0,434,10,0,10,0,9,0
0,0,0,1,0,0,0,0,495,0,ZigZag_agent_DiscreteMLP_m5,0,0,0,0,0,1,494,0,8,0,0,0,0,0,0
0,24,0,25,0,25,399,0,4,21,ZigZag_expert_DiscreteMLP_m5,0,0,0,0,0,25,5,0,408,21,0,21,0,21,0
139,0,0,92,3,94,137,0,0,2,FixedSequence_agent_DiscreteLSTM_m6,0,0,0,0,0,0,0,0,143,96,0,96,0,4,193
100,0,0,200,0,200,0,0,0,0,FixedSequence_expert_DiscreteLSTM_m6,0,0,0,0,0,0,0,0,0,200,0,199,0,0,100
0,0,0,0,0,0,0,0,0,0,FixedSequence_agent_DiscreteMLP_m6,0,0,0,0,0,0,0,0,7,1,0,0,0,1,990
100,0,0,200,0,200,0,0,0,0,FixedSequence_expert_DiscreteMLP_m6,0,0,0,0,0,0,0,0,0,200,0,199,0,0,100
0,0,0,51,0,51,384,0,0,5,ZigZag_agent_DiscreteLSTM_m6,0,0,0,0,0,1,0,0,387,56,0,56,0,5,3
0,22,0,23,0,23,390,0,1,24,ZigZag_expert_DiscreteLSTM_m6,0,0,0,0,0,22,2,0,419,24,0,24,0,25,0
0,0,0,0,0,0,0,0,500,0,ZigZag_agent_DiscreteMLP_m6,0,0,0,0,0,0,499,0,0,0,0,0,0,0,0
0,24,0,25,0,24,390,0,1,23,ZigZag_expert_DiscreteMLP_m6,0,0,0,0,0,24,2,0,419,22,0,22,0,23,0
0,0,0,0,485,0,7,0,0,1,SmartRandom_agent_DiscreteLSTM_m6,0,0,0,0,0,0,1,0,14,0,484,0,0,2,5
86,61,0,53,80,41,57,0,70,53,SmartRandom_expert_DiscreteLSTM_m6,0,0,0,0,0,78,51,0,52,51,75,52,0,57,82
0,0,0,0,0,0,0,0,500,0,SmartRandom_agent_DiscreteMLP_m6,0,0,0,0,0,0,499,0,0,0,0,0,0,0,0
61,65,0,52,72,52,59,0,70,53,SmartRandom_expert_DiscreteMLP_m6,0,0,0,0,0,67,57,0,75,53,70,52,0,55,86
0,0,0,0,0,0,0,0,0,0,WallFollower_agent_DiscreteMLP_m6,0,0,0,0,0,0,0,0,7,1,0,0,0,1,990
232,0,0,8,0,8,232,0,0,0,WallFollower_expert_DiscreteMLP_m6,0,0,0,0,0,0,0,0,256,9,0,8,0,0,246
232,0,0,8,0,8,232,0,0,0,WallFollower_agent_DiscreteLSTM_m6,0,0,0,0,0,0,0,0,256,9,0,8,0,0,246
232,0,0,8,0,8,232,0,0,0,WallFollower_expert_DiscreteLSTM_m6,0,0,0,0,0,0,0,0,256,9,0,8,0,0,246
31,3,0,4,0,4,28,0,1,0,Random_agent_DiscreteLSTM_m6,0,0,0,0,0,3,2,0,923,0,0,0,0,0,0
37,44,45,42,39,42,37,46,36,38,Random_expert_DiscreteLSTM_m6,50,35,42,29,53,39,43,36,45,28,39,40,41,38,35
0,0,0,0,0,0,0,0,0,0,Random_agent_DiscreteMLP_m6,0,0,999,0,0,0,0,0,0,0,0,0,0,0,0
31,45,43,35,29,42,37,41,38,38,Random_expert_DiscreteMLP_m6,42,41,50,52,41,38,34,49,54,38,31,39,42,34,35
104,0,0,4,281,3,87,0,0,0,StraightLine_agent_DiscreteLSTM_m6,0,0,0,0,0,2,0,0,115,3,280,3,0,1,116
159,2,0,2,2,0,314,0,8,3,StraightLine_expert_DiscreteLSTM_m6,0,0,0,0,0,3,7,0,318,1,3,1,0,2,174
0,0,0,0,493,0,0,0,0,0,StraightLine_agent_DiscreteMLP_m6,0,0,0,0,0,0,0,0,0,0,492,0,0,0,14
270,2,0,3,4,2,203,0,2,3,StraightLine_expert_DiscreteMLP_m6,0,0,0,0,0,2,4,0,232,2,5,1,0,3,261
14,0,0,0,0,0,0,0,492,0,SmartStraightLine_agent_DiscreteMLP_m6,0,0,0,0,0,1,492,0,0,0,0,0,0,0,0
298,2,0,3,7,2,173,0,3,2,SmartStraightLine_expert_DiscreteMLP_m6,0,0,0,0,0,3,3,0,175,3,7,2,0,3,313
32,0,0,2,0,1,451,0,15,0,SmartStraightLine_agent_DiscreteLSTM_m6,0,0,0,0,0,2,15,0,460,1,0,0,0,1,19
296,2,0,4,7,2,181,0,2,3,SmartStraightLine_expert_DiscreteLSTM_m6,0,0,0,0,0,4,4,0,179,1,6,1,0,3,304
24,1,0,2,0,2,6,0,2,1,SmartRandomExplorer_agent_DiscreteLSTM_m6,0,0,932,1,0,2,4,0,7,1,0,0,0,2,12
132,48,0,55,54,55,43,0,52,56,SmartRandomExplorer_expert_DiscreteLSTM_m6,0,0,0,0,0,36,65,0,49,55,65,50,0,50,134
4,0,0,0,0,0,0,0,0,0,SmartRandomExplorer_agent_DiscreteMLP_m6,0,0,989,1,0,1,0,0,4,0,0,0,0,0,0
119,57,0,54,61,49,41,0,59,52,SmartRandomExplorer_expert_DiscreteMLP_m6,0,0,0,0,0,53,54,0,43,53,69,49,0,47,139
